,accuracy,lr,state,n_subset
0,0.5411764705882353,0.0005,first layer,850
0,0.6458823529411765,0.0001,first layer,850
0,0.0035294117647058825,1e-05,first layer,850
