,accuracy,lr,state,n_subset
0,0.8235294117647058,0.005,layer2,400
0,0.9148936170212766,0.001,layer2,400
0,0.9123904881101377,0.0005,layer2,400
