,accuracy,lr,state,n_subset
0,0.8623279098873592,0.005,layer1,400
0,0.9161451814768461,0.001,layer1,400
0,0.9111389236545682,0.0005,layer1,400
