,accuracy,lr,state,n_subset
0,0.9411764705882353,0.005,layer4,400
0,0.9386733416770964,0.001,layer4,400
0,0.9374217772215269,0.0005,layer4,400
