,accuracy,lr,state,n_subset
0,0.7822277847309136,0.005,all,400
0,0.7909887359198998,0.001,all,400
0,0.8785982478097623,0.0005,all,400
