,accuracy,lr,state,n_subset
0,0.934918648310388,0.005,fc,400
0,0.934918648310388,0.001,fc,400
0,0.9374217772215269,0.0005,fc,400
