,accuracy,lr,state,n_subset
0,0.851063829787234,0.005,layer3,400
0,0.8760951188986232,0.001,layer3,400
0,0.9036295369211514,0.0005,layer3,400
